0	hola
1	adiós
2	por favor
3	gracias
4	de nada
5	perdón
6	buenos días
7	buenas tardes
8	buenas noches
9	¿cómo estás?
10	mucho gusto
11	con permiso
12	bienvenido
13	salud
14	sí
15	no
16	tal vez
17	bien
18	mal
19	más o menos
20	¿qué?
21	¿cómo?
22	¿por qué?
23	porque
24	hombre
25	mujer
26	niño
27	niña
28	bebé
29	persona
30	gente
31	amigo
32	amiga
33	familia
34	madre
35	padre
36	mamá
37	papá
38	hermano
39	hermana
40	hijo
41	hija
42	abuelo
43	abuela
44	tío
45	tía
46	primo
47	prima
48	esposo
49	esposa
50	novio
51	novia
52	uno
53	dos
54	tres
55	cuatro
56	cinco
57	seis
58	siete
59	ocho
60	nueve
61	diez
62	veinte
63	cincuenta
64	cien
65	mil
66	rojo
67	azul
68	verde
69	amarillo
70	negro
71	blanco
72	naranja
73	morado
74	rosa
75	café
76	gris
77	dorado
78	comida
79	agua
80	leche
81	café
82	jugo
83	cerveza
84	vino
85	pan
86	arroz
87	frijoles
88	carne
89	pollo
90	pescado
91	huevo
92	queso
93	tortilla
94	tacos
95	salsa
96	chile
97	limón
98	aguacate
99	tomate
100	cebolla
101	ajo
102	manzana
103	plátano
104	fresas
105	dulce
106	azúcar
107	sal
108	sopa
109	sandwich
110	ensalada
111	postre
112	helado
113	chocolate
114	desayuno
115	almuerzo
116	cena
117	torta
118	quesadilla
119	tamales
120	pozole
121	mole
122	elote
123	guacamole
124	enchiladas
125	chiles rellenos
126	horchata
127	churros
128	antojitos
129	cabeza
130	cara
131	ojo
132	nariz
133	boca
134	oreja
135	diente
136	pelo
137	cuello
138	hombro
139	brazo
140	mano
141	dedo
142	espalda
143	estómago
144	pierna
145	rodilla
146	pie
147	corazón
148	casa
149	cuarto
150	cocina
151	baño
152	sala
153	cama
154	mesa
155	silla
156	puerta
157	ventana
158	llave
159	teléfono
160	computadora
161	libro
162	dinero
163	ropa
164	camisa
165	pantalones
166	zapatos
167	vestido
168	sombrero
169	bolsa
170	tiempo
171	hoy
172	ayer
173	mañana
174	ahora
175	tarde
176	noche
177	semana
178	mes
179	año
180	hora
181	minuto
182	lunes
183	martes
184	miércoles
185	jueves
186	viernes
187	sábado
188	domingo
189	pronto
190	después
191	antes
192	ciudad
193	pueblo
194	calle
195	tienda
196	mercado
197	supermercado
198	restaurante
199	hospital
200	escuela
201	iglesia
202	parque
203	aeropuerto
204	hotel
205	banco
206	farmacia
207	playa
208	montaña
209	bosque
210	lago
211	país
212	México
213	Estados Unidos
214	carro
215	autobús
216	taxi
217	avión
218	tren
219	bicicleta
220	metro
221	barco
222	camión
223	ser
224	estar
225	tener
226	hacer
227	ir
228	venir
229	querer
230	poder
231	saber
232	conocer
233	hablar
234	comer
235	beber
236	dormir
237	trabajar
238	vivir
239	comprar
240	vender
241	leer
242	escribir
243	escuchar
244	ver
245	pagar
246	buscar
247	encontrar
248	llegar
249	salir
250	entrar
251	abrir
252	cerrar
253	ayudar
254	necesitar
255	gustar
256	llamar
257	preguntar
258	contestar
259	pensar
260	creer
261	esperar
262	dar
263	recibir
264	tomar
265	usar
266	correr
267	caminar
268	sentir
269	amar
270	jugar
271	aprender
272	enseñar
273	manejar
274	cocinar
275	limpiar
276	cambiar
277	recordar
278	olvidar
279	entender
280	empezar
281	terminar
282	grande
283	pequeño
284	bueno
285	malo
286	bonito
287	feo
288	nuevo
289	viejo
290	joven
291	rápido
292	lento
293	fácil
294	difícil
295	rico
296	barato
297	caro
298	limpio
299	sucio
300	caliente
301	frío
302	cansado
303	contento
304	triste
305	enojado
306	asustado
307	seguro
308	enfermo
309	sano
310	lleno
311	vacío
312	abierto
313	cerrado
314	ocupado
315	libre
316	listo
317	perdido
318	y
319	o
320	pero
321	con
322	sin
323	para
324	por
325	en
326	de
327	a
328	que
329	muy
330	mucho
331	poco
332	más
333	menos
334	todo
335	nada
336	también
337	aquí
338	allí
339	solo
340	siempre
341	nunca
342	a veces
343	ya
344	aún
345	sol
346	lluvia
347	viento
348	nube
349	nieve
350	calor
351	clima
352	tormenta
353	niebla
354	mar
355	río
356	árbol
357	flor
358	hierba
359	tierra
360	cielo
361	luna
362	estrella
363	animal
364	perro
365	gato
366	pájaro
367	pez
368	médico
369	enfermera
370	medicina
371	dolor
372	fiebre
373	gripe
374	alergia
375	embarazada
376	trabajo
377	jefe
378	empleado
379	sueldo
380	reunión
381	estudiante
382	maestro
383	maestra
384	clase
385	tarea
386	examen
387	internet
388	celular
389	aplicación
390	correo
391	contraseña
392	red
393	órale
394	ándale
395	chido
396	güey / wey
397	padre
398	ahorita
399	mande
400	cuate
401	chela
402	feria
403	neta
404	qué onda
405	chamba
406	chido/a
407	chavo
408	chava
409	no manches
410	híjole
411	pues
412	mero
413	precio
414	descuento
415	recibo
416	efectivo
417	tarjeta
418	tianguis
419	derecha
420	izquierda
421	recto
422	norte
423	sur
424	este
425	oeste
426	cerca
427	lejos
428	esquina
429	ayuda
430	auxilio
431	fuego
432	policía
433	ambulancia
434	peligro
435	emergencia
436	aceptar
437	acompañar
438	aconsejar
439	acordar
440	acostar
441	acostumbrar
442	actuar
443	agradecer
444	aguantar
445	alcanzar
446	alquilar
447	amenazar
448	añadir
449	andar
450	anunciar
451	apagar
452	aparecer
453	aplicar
454	aportar
455	aprovechar
456	asegurar
457	atacar
458	atender
459	aumentar
460	averiguar
461	bajar
462	bañar
463	besar
464	botar
465	brincar
466	caer
467	calentar
468	callar
469	calmar
470	cargar
471	casar
472	causar
473	cenar
474	chocar
475	cobrar
476	coger
477	colgar
478	colocar
479	comenzar
480	componer
481	comportar
482	comunicar
483	concentrar
484	confiar
485	congelar
486	conocer
487	conseguir
488	considerar
489	construir
490	contar
491	controlar
492	convertir
493	corregir
494	cortar
495	crear
496	crecer
497	criar
498	cuidar
499	cumplir
500	deber
501	decidir
502	decir
503	defender
504	dejar
505	demostrar
506	depender
507	describir
508	descansar
509	descubrir
510	desear
511	desarrollar
512	deshacer
513	despedir
514	despertar
515	destruir
516	detener
517	devolver
518	dibujar
519	dirigir
520	discutir
521	disfrutar
522	disculpar
523	dividir
524	doler
525	doblar
526	dudar
527	echar
528	elegir
529	enamorar
530	encantar
531	encender
532	enojar
533	ensayar
534	enterar
535	enviar
536	envolver
537	equivocar
538	escapar
539	esconder
540	estudiar
541	evitar
542	existir
543	explicar
544	expresar
545	fabricar
546	faltar
547	fijar
548	firmar
549	fumar
550	funcionar
551	ganar
552	gastar
553	girar
554	gritar
555	guardar
556	guiar
557	habitar
558	heredar
559	herir
560	huir
561	imaginar
562	importar
563	impresionar
564	incluir
565	informar
566	insistir
567	intentar
568	interesar
569	invitar
570	lavar
571	levantar
572	llenar
573	llevar
574	llorar
575	lograr
576	luchar
577	mandar
578	matar
579	medir
580	mentir
581	meter
582	mirar
583	morir
584	mostrar
585	mover
586	nacer
587	nadar
588	negar
589	notar
590	obtener
591	ocurrir
592	ofrecer
593	oír
594	oler
595	olvidar
596	organizar
597	pagar
598	parar
599	parecer
600	partir
601	pasar
602	pedir
603	pegar
604	perder
605	permitir
606	pesar
607	pintar
608	planchar
609	planear
610	practicar
611	preferir
612	preocupar
613	preparar
614	presentar
615	prestar
616	probar
617	producir
618	prohibir
619	prometer
620	proteger
621	quedar
622	quitar
623	realizar
624	recoger
625	reconocer
626	recorrer
627	regalar
628	regresar
629	reír
630	repetir
631	resolver
632	respirar
633	responder
634	resultar
635	robar
636	romper
637	saltar
638	secar
639	seguir
640	sentar
641	servir
642	soñar
643	sonreír
644	subir
645	sufrir
646	suponer
647	tardar
648	tirar
649	tocar
650	tratar
651	unir
652	valer
653	viajar
654	visitar
655	volar
656	volver
657	votar
658	alto
659	bajo
660	ancho
661	estrecho
662	delgado
663	gordo
664	fuerte
665	débil
666	duro
667	suave
668	pesado
669	ligero
670	oscuro
671	claro
672	brillante
673	importante
674	necesario
675	posible
676	imposible
677	común
678	raro
679	popular
680	famoso
681	mejor
682	peor
683	mismo
684	diferente
685	igual
686	natural
687	artificial
688	real
689	falso
690	verdadero
691	correcto
692	incorrecto
693	completo
694	incompleto
695	claro
696	público
697	privado
698	profesional
699	amable
700	simpático
701	inteligente
702	tonto
703	loco
704	normal
705	especial
706	principal
707	último
708	primero
709	segundo
710	tercero
711	próximo
712	idea
713	manera
714	forma
715	modo
716	momento
717	razón
718	causa
719	resultado
720	situación
721	caso
722	punto
723	parte
724	mitad
725	total
726	número
727	color
728	nombre
729	palabra
730	historia
731	cuenta
732	pregunta
733	respuesta
734	problema
735	solución
736	verdad
737	mentira
738	paz
739	guerra
740	amor
741	odio
742	alegría
743	esperanza
744	miedo
745	esfuerzo
746	fuerza
747	poder
748	energía
749	calidad
750	cantidad
751	nivel
752	plan
753	proyecto
754	sistema
755	regla
756	ley
757	orden
758	paz
759	sentimiento
760	emoción
761	alegre
762	feliz
763	nervioso
764	calmado
765	preocupado
766	aburrido
767	divertido
768	sorprendido
769	confundido
770	orgulloso
771	avergonzado
772	celoso
773	caballo
774	vaca
775	toro
776	cerdo
777	oveja
778	cabra
779	pollo
780	pato
781	conejo
782	ratón
783	león
784	tigre
785	oso
786	lobo
787	zorro
788	mono
789	elefante
790	serpiente
791	abeja
792	mariposa
793	araña
794	hormiga
795	mosca
796	agricultura
797	granja
798	granjero
799	campo
800	tierra
801	cultivo
802	cosecha
803	sembrar
804	semilla
805	plantar
806	regar
807	riego
808	abono
809	abonar
810	arado
811	arar
812	tractor
813	pala
814	rastrillo
815	azadón
816	cosechar
817	grano
818	trigo
819	maíz
820	cebada
821	avena
822	heno
823	pasto
824	ganado
825	establo
826	pesticida
827	plaga
828	huerto
829	jardín
830	invernadero
831	fruta
832	verdura
833	raíz
834	hoja
835	rama
836	tronco
837	agricultor
838	temporada
839	seca
840	lluvia
841	viña
842	viñedo
843	vid
844	uva
845	racimo
846	vendimia
847	vendimiar
848	bodega
849	barril
850	barrica
851	roble
852	fermentación
853	fermentar
854	levadura
855	mosto
856	prensar
857	prensa
858	añejar
859	añejo
860	crianza
861	reserva
862	tinto
863	blanco (vino)
864	rosado
865	espumoso
866	seco
867	dulce (vino)
868	taninos
869	cuerpo
870	aroma
871	sabor
872	catador
873	catar
874	cata
875	botella
876	corcho
877	sacacorchos
878	copa
879	decantar
880	decantador
881	etiqueta
882	cosecha (vino)
883	añada
884	clima (vid)
885	terruño
886	pendiente
887	sommelier
888	maridaje
889	sulfitos
890	acabar
891	acordarse
892	agarrar
893	ahorrar
894	alegrar
895	alimentar
896	animar
897	apoyar
898	aprobar
899	arreglar
900	asistir
901	asustar
902	atravesar
903	avisar
904	bailar
905	bañarse
906	bastar
907	batir
908	bendecir
909	brillar
910	calcular
911	capturar
912	charlar
913	clasificar
914	colaborar
915	combinar
916	compartir
917	completar
918	comprobar
919	conducir
920	confesar
921	consagrar
922	conservar
923	consistir
924	consultar
925	contaminar
926	contemplar
927	continuar
928	contradecir
929	contribuir
930	convencer
931	conversar
932	copiar
933	costar
934	cubrir
935	dañar
936	debatir
937	dedicar
938	definir
939	denunciar
940	depositar
941	derramar
942	derrotar
943	desafiar
944	desconocer
945	descender
946	desempeñar
947	despegar
948	destacar
949	dictar
950	diferenciar
951	diseñar
952	disolver
953	disparar
954	disponer
955	distinguir
956	distribuir
957	donar
958	eliminar
959	emitir
960	emocionar
961	enamorarse
962	encargar
963	encerrar
964	enfocar
965	enfrentar
966	engañar
967	enriquecer
968	ensuciar
969	enterrar
970	escalar
971	escoger
972	esculpir
973	estimular
974	evaluar
975	examinar
976	exclamar
977	exhibir
978	exigir
979	expandir
980	exponer
981	extender
982	extraer
983	fascinar
984	festejar
985	fingir
986	florecer
987	fluir
988	formular
989	fracasar
990	fundar
991	garantizar
992	generar
993	gozar
994	hervir
995	identificar
996	ilustrar
997	imitar
998	impedir
999	implementar
1000	imponer
1001	impulsar
1002	indicar
1003	infectar
1004	inflar
1005	influir
1006	ingresar
1007	iniciar
1008	innovar
1009	inscribir
1010	inspirar
1011	instalar
1012	intercambiar
1013	interpretar
1014	intervenir
1015	introducir
1016	invertir
1017	investigar
1018	jurar
1019	juzgar
1020	lanzar
1021	liberar
1022	mantener
1023	marcar
1024	marchar
1025	medir
1026	mejorar
1027	mencionar
1028	mojar
1029	moler
1030	molestar
1031	montar
1032	motivar
1033	multiplicar
1034	nombrar
1035	obedecer
1036	observar
1037	obtener
1038	ocupar
1039	ofrecer
1040	operar
1041	opinar
1042	organizar
1043	pagar
1044	palmar
1045	parecerse
1046	participar
1047	pelear
1048	pertenecer
1049	pisar
1050	plantear
1051	poseer
1052	practicar
1053	preferir
1054	presentir
1055	presumir
1056	prevenir
1057	probar
1058	proceder
1059	promover
1060	proponer
1061	protestar
1062	provocar
1063	publicar
1064	quemar
1065	rascar
1066	razonar
1067	reaccionar
1068	realizar
1069	rebajar
1070	recibir
1071	reclamar
1072	recomendar
1073	recompensar
1074	redactar
1075	reducir
1076	reemplazar
1077	referir
1078	reflexionar
1079	reformar
1080	regalar
1081	registrar
1082	regular
1083	relajar
1084	renunciar
1085	reparar
1086	repartir
1087	reportar
1088	representar
1089	reservar
1090	respetar
1091	responsabilizar
1092	resumir
1093	retirar
1094	reunir
1095	revelar
1096	reventar
1097	revisar
1098	rezar
1099	rodear
1100	sacar
1101	sacudir
1102	saludar
1103	sancionar
1104	satisfacer
1105	seguir
1106	seleccionar
1107	señalar
1108	separar
1109	sobrevivir
1110	solicitar
1111	soltar
1112	someter
1113	soportar
1114	sostener
1115	subrayar
1116	sucedernos
1117	sugerir
1118	sumar
1119	superar
1120	surgir
1121	sustituir
1122	tejer
1123	temer
1124	tender
1125	torcer
1126	transformar
1127	transmitir
1128	transportar
1129	trasladar
1130	tratar
1131	tropezar
1132	unir
1133	utilizar
1134	vaciar
1135	vacunar
1136	valorar
1137	variar
1138	vencer
1139	verificar
1140	vestirse
1141	vigilar
1142	abierto
1143	alegre
1144	amargo
1145	amplio
1146	antiguo
1147	avanzado
1148	aburrido
1149	actual
1150	agradable
1151	agresivo
1152	amigable
1153	antiguo
1154	ágil
1155	ácido
1156	aspero
1157	azucarado
1158	bondadoso
1159	básico
1160	calvo
1161	capaz
1162	ciego
1163	clásico
1164	complicado
1165	conocido
1166	cortés
1167	cruel
1168	culpable
1169	decente
1170	delgado
1171	delicioso
1172	denso
1173	desnudo
1174	dispuesto
1175	dudoso
1176	egoísta
1177	elegante
1178	entero
1179	equivocado
1180	espacioso
1181	estable
1182	extranjero
1183	fiel
1184	fino
1185	frágil
1186	franco
1187	fresco
1188	gentil
1189	genuino
1190	glorioso
1191	grato
1192	grueso
1193	hermoso
1194	honesto
1195	hondo
1196	humilde
1197	húmedo
1198	increíble
1199	intenso
1200	interno
1201	judío
1202	justo
1203	lejano
1204	leal
1205	liso
1206	liviano
1207	maduro
1208	malvado
1209	manso
1210	misterioso
1211	modesto
1212	mojado
1213	nostálgico
1214	odioso
1215	paciente
1216	peludo
1217	pequeñito
1218	perfecto
1219	pesado
1220	picante
1221	plano
1222	pobre
1223	preciso
1224	primario
1225	probable
1226	profundo
1227	próspero
1228	puro
1229	realista
1230	redondo
1231	religioso
1232	repentino
1233	rígido
1234	roto
1235	rural
1236	salado
1237	semejante
1238	serio
1239	sexual
1240	sincero
1241	soltero
1242	sonriente
1243	sordo
1244	suficiente
1245	temprano
1246	tenso
1247	tibio
1248	torpe
1249	traidor
1250	tranquilo
1251	urbano
1252	valioso
1253	valiente
1254	variado
1255	veloz
1256	vergonzoso
1257	vital
1258	vivo
1259	acción
1260	actitud
1261	acuerdo
1262	aire
1263	ambiente
1264	ambición
1265	ánimo
1266	aspecto
1267	asunto
1268	atención
1269	aumento
1270	ayuda
1271	belleza
1272	bondad
1273	calidez
1274	capacidad
1275	carácter
1276	castigo
1277	categoría
1278	centro
1279	certeza
1280	cierto
1281	civilización
1282	coincidencia
1283	combate
1284	comparación
1285	competencia
1286	conciencia
1287	concepto
1288	confianza
1289	conflicto
1290	confusión
1291	conjunto
1292	consciencia
1293	consecuencia
1294	constancia
1295	contenido
1296	contexto
1297	coraje
1298	crisis
1299	criterio
1300	culpa
1301	cultura
1302	curiosidad
1303	debate
1304	destino
1305	detalle
1306	diferencia
1307	dignidad
1308	dirección
1309	disciplina
1310	diseño
1311	edad
1312	efecto
1313	ejemplo
1314	empleo
1315	enfoque
1316	ensayo
1317	entusiasmo
1318	envidia
1319	error
1320	escándalo
1321	espacio
1322	estilo
1323	evento
1324	experiencia
1325	fama
1326	futuro
1327	fortuna
1328	genio
1329	honor
1330	humanidad
1331	impacto
1332	importancia
1333	impuesto
1334	independencia
1335	industria
1336	instante
1337	instinto
1338	inteligencia
1339	intención
1340	interés
1341	jornada
1342	juicio
1343	justicia
1344	juventud
1345	lectura
1346	libertad
1347	línea
1348	logro
1349	lujo
1350	majestuosidad
1351	medida
1352	memoria
1353	mensaje
1354	mente
1355	mercancía
1356	mirada
1357	misión
1358	misterio
1359	modelo
1360	movimiento
1361	necesidad
1362	noticia
1363	objetivo
1364	obligación
1365	obra
1366	oportunidad
1367	origen
1368	paciencia
1369	pareja
1370	pena
1371	período
1372	personalidad
1373	popularidad
1374	presencia
1375	presión
1376	principio
1377	privilegio
1378	proceso
1379	promesa
1380	propósito
1381	protección
1382	realidad
1383	recuerdo
1384	referencia
1385	régimen
1386	relación
1387	relevancia
1388	religión
1389	rendimiento
1390	respeto
1391	responsabilidad
1392	riqueza
1393	riesgo
1394	ritmo
1395	secreto
1396	sentido
1397	servicio
1398	silencio
1399	símbolo
1400	sitio
1401	soledad
1402	sospecha
1403	suerte
1404	tema
1405	teoría
1406	tendencia
1407	trampa
1408	valor
1409	variedad
1410	víctima
1411	victoria
1412	virtud
1413	voluntad
1414	voz
1415	abogado
1416	actor
1417	actriz
1418	arquitecto
1419	artesano
1420	artista
1421	bailarín
1422	barrendero
1423	bombero
1424	camarero
1425	carnicero
1426	carpintero
1427	cartero
1428	cantante
1429	chef
1430	científico
1431	cirujano
1432	cocinero
1433	comerciante
1434	conductor
1435	dentista
1436	dependiente
1437	deportista
1438	diseñador
1439	doctor
1440	economista
1441	electricista
1442	enfermero
1443	escritor
1444	estilista
1445	farmacéutico
1446	fotógrafo
1447	futbolista
1448	ganadero
1449	gerente
1450	hostelero
1451	informático
1452	ingeniero
1453	jardinero
1454	juez
1455	mecánico
1456	médico (esp.)
1457	minero
1458	modelo
1459	músico
1460	panadero
1461	periodista
1462	pescador
1463	piloto
1464	pintor
1465	plomero
1466	político
1467	presidente
1468	profesor
1469	psicólogo
1470	recepcionista
1471	reportero
1472	sastre
1473	secretario
1474	soldado
1475	taxista
1476	traductor
1477	vendedor
1478	veterinario
1479	zapatero
1480	cerebro
1481	pulmón
1482	hígado
1483	riñón
1484	intestino
1485	músculo
1486	hueso
1487	piel
1488	sangre
1489	lengua
1490	labio
1491	mejilla
1492	frente
1493	barba
1494	bigote
1495	uña
1496	dedo del pie
1497	talón
1498	tobillo
1499	muñeca
1500	codo
1501	cadera
1502	columna
1503	cintura
1504	abdomen
1505	clínica
1506	consulta
1507	receta
1508	pastilla
1509	jeringa
1510	vacuna
1511	operación
1512	herida
1513	cicatriz
1514	infección
1515	virus
1516	bacteria
1517	resfriado
1518	tos
1519	mareo
1520	náusea
1521	alérgico
1522	diabetes
1523	presión
1524	radiografía
1525	terapia
1526	psiquiatra
1527	urgencias
1528	cordero
1529	pavo
1530	jamón
1531	chorizo
1532	tocino
1533	mariscos
1534	camarón
1535	langosta
1536	calamar
1537	pulpo
1538	mejillón
1539	atún
1540	salmón
1541	bacalao
1542	pera
1543	uva
1544	cereza
1545	sandía
1546	melón
1547	piña
1548	mango
1549	coco
1550	durazno
1551	limón verde
1552	pomelo
1553	zanahoria
1554	papa
1555	batata
1556	calabaza
1557	pepino
1558	pimiento
1559	espinaca
1560	lechuga
1561	repollo
1562	brócoli
1563	coliflor
1564	champiñón
1565	arvejas
1566	habichuela
1567	lenteja
1568	garbanzo
1569	aceite
1570	vinagre
1571	mantequilla
1572	miel
1573	mermelada
1574	yogur
1575	pimienta
1576	canela
1577	albahaca
1578	perejil
1579	cilantro
1580	orégano
1581	deporte
1582	fútbol
1583	básquetbol
1584	béisbol
1585	voleibol
1586	tenis
1587	golf
1588	natación
1589	ciclismo
1590	atletismo
1591	carrera
1592	maratón
1593	boxeo
1594	lucha
1595	yoga
1596	gimnasio
1597	entrenamiento
1598	entrenador
1599	equipo
1600	jugador
1601	cancha
1602	estadio
1603	raqueta
1604	pelota
1605	red
1606	esquí
1607	surf
1608	caza
1609	pesca
1610	aficionado
1611	arte
1612	música
1613	pintura
1614	dibujo
1615	escultura
1616	fotografía
1617	cine
1618	película
1619	teatro
1620	concierto
1621	canción
1622	letra
1623	cantar
1624	banda
1625	orquesta
1626	coro
1627	piano
1628	guitarra
1629	violín
1630	batería
1631	flauta
1632	trompeta
1633	saxofón
1634	instrumento
1635	nota (musical)
1636	danza
1637	ballet
1638	literatura
1639	poesía
1640	novela
1641	cuento
1642	ciencia
1643	química
1644	física
1645	biología
1646	matemáticas
1647	geometría
1648	álgebra
1649	historia
1650	geografía
1651	astronomía
1652	átomo
1653	molécula
1654	célula
1655	energía
1656	gravedad
1657	temperatura
1658	humedad
1659	luz
1660	sombra
1661	sonido
1662	onda
1663	fuerza (física)
1664	velocidad
1665	distancia
1666	peso
1667	volumen
1668	delfín
1669	ballena
1670	tiburón
1671	foca
1672	pingüino
1673	águila
1674	búho
1675	loro
1676	paloma
1677	cuervo
1678	gallina
1679	gallo
1680	jirafa
1681	cebra
1682	rinoceronte
1683	hipopótamo
1684	camello
1685	canguro
1686	panda
1687	koala
1688	mosquito
1689	escorpión
1690	lagartija
1691	tortuga
1692	rana
1693	sapo
1694	caracol
1695	pulpo
1696	surco
1697	pradera
1698	rancho
1699	finca
1700	parcela
1701	hectárea
1702	espantapájaros
1703	semillero
1704	brote
1705	maleza
1706	fertilizar
1707	compost
1708	abeja (granja)
1709	colmena
1710	miel (apiario)
1711	lana
1712	leche (granja)
1713	queso (granja)
1714	lechero
1715	vaquero
1716	potro
1717	ternero
1718	cordero (granja)
1719	heno (granja)
1720	silo
1721	molino
1722	pozo
1723	acequia
1724	canal
1725	sequía
1726	helada
1727	granizo
1728	abonar (campo)
1729	regadío
1730	secano
1731	barbecho
1732	caña
1733	café (planta)
1734	cacao
1735	enólogo
1736	enología
1737	viticultor
1738	viticultura
1739	DO
1740	denominación
1741	pámpano
1742	sarmiento
1743	poda
1744	podar
1745	injerto
1746	injertar
1747	maceración
1748	macerar
1749	pisar (uvas)
1750	estrujadora
1751	despalillado
1752	clarificación
1753	filtración
1754	embotellado
1755	embotellar
1756	soletear
1757	pasificar
1758	mistela
1759	fortificar
1760	jerez
1761	oporto
1762	champán
1763	cava
1764	vermut
1765	sangría
1766	mezcla
1767	coupage
1768	sedimento
1769	lía
1770	nariz
1771	paladar
1772	retrogusto
1773	ataque (vino)
1774	acidez
1775	alcohol
1776	graduación
1777	vidrio
1778	cristal
1779	temperatura (vino)
1780	periódico
1781	revista
1782	sobre
1783	paquete
1784	caja
1785	bolsa (compras)
1786	maleta
1787	mochila
1788	paraguas
1789	reloj
1790	anillo
1791	collar
1792	arete
1793	pulsera
1794	lentes
1795	espejo
1796	pelota
1797	juguete
1798	muñeca (juguete)
1799	pañuelo
1800	toalla
1801	jabón
1802	cepillo
1803	peine
1804	pasta dental
1805	tijeras
1806	aguja
1807	hilo
1808	botón
1809	clavo
1810	tornillo
1811	martillo
1812	destornillador
1813	caja de herramientas
1814	regla
1815	pegamento
1816	caja fuerte
1817	mapa
1818	globo
1819	continente
1820	océano
1821	isla
1822	península
1823	costa
1824	bahía
1825	desierto
1826	selva
1827	valle
1828	colina
1829	volcán
1830	cueva
1831	cascada
1832	glaciar
1833	arrecife
1834	frontera
1835	región
1836	provincia
1837	estado
1838	capital
1839	norte (geo)
1840	ecuador
1841	polo
1842	hemisferio
1843	latitud
1844	longitud
1845	altitud
1846	clima (geo)
1847	zona
1848	territorio
1849	población
1850	ciudadano
1851	habitante
1852	nacionalidad
1853	nacional
1854	internacional
1855	mundial
1856	España
1857	Argentina
1858	Colombia
1859	Perú
1860	Chile
1861	Cuba
1862	Brasil
1863	Francia
1864	Italia
1865	Alemania
1866	Inglaterra
1867	China
1868	Japón
1869	Canadá
1870	gobierno
1871	política
1872	democracia
1873	república
1874	monarquía
1875	dictadura
1876	congreso
1877	parlamento
1878	senado
1879	senador
1880	diputado
1881	alcalde
1882	gobernador
1883	ministro
1884	embajador
1885	embajada
1886	partido
1887	elección
1888	votar
1889	voto
1890	candidato
1891	campaña
1892	urna
1893	constitución
1894	ley (política)
1895	derecho
1896	libertad (política)
1897	protesta
1898	manifestación
1899	huelga
1900	sindicato
1901	impuesto (política)
1902	presupuesto
1903	bandera
1904	himno
1905	patria
1906	pueblo (gente)
1907	nación
1908	paz (política)
1909	guerra (política)
1910	ejército
1911	marina
1912	fuerza aérea
1913	soldado (mil.)
1914	arma
1915	pistola
1916	bomba
1917	seguridad
1918	espía
1919	traidor (política)
1920	empresa
1921	compañía
1922	negocio
1923	mercado (econ)
1924	economía
1925	economista (biz)
1926	inflación
1927	deflación
1928	recesión
1929	crisis (econ)
1930	crecimiento
1931	pérdida
1932	ganancia
1933	ingresos
1934	gastos
1935	balance
1936	cuenta (bancaria)
1937	cheque
1938	transferencia
1939	depósito
1940	retiro
1941	préstamo
1942	hipoteca
1943	interés (bancario)
1944	inversión
1945	inversor
1946	acción (bolsa)
1947	bono
1948	bolsa (econ)
1949	divisa
1950	dólar
1951	euro
1952	peso (moneda)
1953	moneda
1954	billete
1955	caja (registradora)
1956	factura
1957	contrato
1958	acuerdo (biz)
1959	socio
1960	accionista
1961	cliente
1962	proveedor
1963	competidor
1964	competencia (biz)
1965	estrategia
1966	plan (biz)
1967	meta
1968	riesgo (biz)
1969	éxito
1970	fracaso
1971	ventas
1972	mercadeo
1973	publicidad
1974	anuncio
1975	marca
1976	producto
1977	servicio (biz)
1978	calidad (biz)
1979	proyecto (biz)
1980	informe
1981	estadística
1982	dato
1983	base de datos
1984	nómina
1985	jubilación
1986	pensión
1987	seguro (biz)
1988	póliza
1989	fundación
1990	caridad
1991	donación
1992	dios
1993	diosa
1994	fe
1995	religión (rel)
1996	alma (rel)
1997	espíritu
1998	santo
1999	santa
2000	ángel
2001	demonio
2002	cielo (rel)
2003	infierno
2004	paraíso
2005	pecado
2006	virtud (rel)
2007	oración
2008	bendición
2009	milagro
2010	templo
2011	catedral
2012	mezquita
2013	sinagoga
2014	monasterio
2015	convento
2016	altar
2017	cruz
2018	biblia
2019	corán
2020	torá
2021	sacerdote
2022	pastor
2023	monje
2024	monja
2025	rabino
2026	imán
2027	budismo
2028	cristianismo
2029	judaísmo
2030	islam
2031	hinduismo
2032	filosofía
2033	filósofo
2034	lógica
2035	ética
2036	moral
2037	existencia
2038	realidad (fil)
2039	consciencia (fil)
2040	sentido (fil)
2041	sabiduría
2042	conocimiento
2043	ignorancia
2044	duda (fil)
2045	meditación
2046	templanza
2047	humanismo
2048	plato
2049	tazón
2050	taza
2051	vaso
2052	copa (vaso)
2053	jarra
2054	botella (cocina)
2055	sartén
2056	olla
2057	cuchillo
2058	tenedor
2059	cuchara
2060	cucharita
2061	espátula
2062	cucharón
2063	batidora
2064	licuadora
2065	procesador
2066	microondas
2067	horno
2068	estufa
2069	nevera
2070	congelador
2071	lavavajillas
2072	lavadora
2073	secadora
2074	plancha (cocina)
2075	aspiradora
2076	escoba
2077	fregadero
2078	grifo
2079	esponja
2080	trapo
2081	bolsa (cocina)
2082	tapa
2083	bandeja
2084	servilleta
2085	mantel
2086	delantal
2087	caja (cocina)
2088	frasco
2089	lata
2090	envase
2091	sopera
2092	tetera
2093	cafetera
2094	abrelatas
2095	tabla de cortar
2096	rallador
2097	colador
2098	pelador
2099	embudo
2100	balanza
2101	taza medidora
2102	recetario
2103	herramienta
2104	llave inglesa
2105	alicates
2106	destornillador (herr)
2107	taladro
2108	sierra
2109	lima
2110	cinta métrica
2111	nivel
2112	escalera
2113	escalón
2114	andamios
2115	cemento
2116	concreto
2117	ladrillo
2118	madera
2119	metal
2120	acero
2121	hierro
2122	cobre
2123	aluminio
2124	plástico
2125	caucho
2126	vidrio (mat)
2127	pintura (mat)
2128	barniz
2129	pegamento (herr)
2130	soldadura
2131	soldar
2132	lijar
2133	pulir
2134	medir (herr)
2135	nivelar
2136	reparar (herr)
2137	maíz (alim)
2138	espárragos
2139	alcachofa
2140	maní
2141	nuez
2142	almendra
2143	pistacho
2144	avellana
2145	semilla (alim)
2146	girasol
2147	aceituna
2148	anchoa
2149	sardina
2150	caldo
2151	consomé
2152	puré
2153	estofado
2154	asado
2155	frito
2156	hervido
2157	crudo
2158	cocido
2159	congelado
2160	caliente (alim)
2161	frío (alim)
2162	pasta
2163	espagueti
2164	macarrón
2165	lasaña
2166	pizza
2167	hamburguesa
2168	hot dog
2169	sopa de pollo
2170	pan dulce
2171	galleta
2172	pastel
2173	bizcocho
2174	donut
2175	pretzel
2176	panqueque
2177	waffle
2178	tostada
2179	yogur (alim)
2180	batido
2181	smoothie
2182	té
2183	café (alim)
2184	espresso
2185	cappuccino
2186	latte
2187	agua mineral
2188	refresco
2189	coctel
2190	margarita
2191	mojito
2192	tequila
2193	ron
2194	whisky
2195	ginebra
2196	vodka
2197	abrazar
2198	abrigar
2199	aburrir
2200	acariciar
2201	acercar
2202	aclarar
2203	acomodar
2204	acumular
2205	adaptar
2206	adelantar
2207	adivinar
2208	admirar
2209	adoptar
2210	adornar
2211	advertir
2212	afectar
2213	afeitar
2214	afirmar
2215	agitar
2216	agotar
2217	agradar
2218	agregar
2219	aguardar
2220	ahogar
2221	aislar
2222	alabar
2223	alargar
2224	albergar
2225	alegar
2226	alentar
2227	alimentar (verbo)
2228	alistarse
2229	aliviar
2230	almacenar
2231	alterar
2232	alucinar
2233	amanecer
2234	amansar
2235	amargar
2236	amasar
2237	amueblar
2238	analizar
2239	anclar
2240	anhelar
2241	aniquilar
2242	anochecer
2243	ansiar
2244	aparcar
2245	apetecer
2246	aplastar
2247	aplaudir
2248	apostar
2249	apreciar
2250	apresurar
2251	apretar
2252	aprehender
2253	aprovecharse
2254	arder
2255	argumentar
2256	arrancar
2257	arrastrar
2258	arrepentirse
2259	arrestar
2260	arriesgar
2261	arrojar
2262	arrugar
2263	asaltar
2264	asar
2265	ascender
2266	asociar
2267	asomar
2268	aspirar
2269	atajar
2270	atar
2271	aterrizar
2272	atornillar
2273	atrapar
2274	atreverse
2275	aullar
2276	bostezar
2277	caber
2278	caducar
2279	calcar
2280	castigar
2281	catar
2282	causar (verbo)
2283	cavar
2284	ceder
2285	censurar
2286	chillar
2287	chuparse
2288	circular
2289	citar
2290	cobijar
2291	colaborar (verbo)
2292	comprometerse
2293	comunicarse
2294	concebir
2295	concluir
2296	conformar
2297	conmover
2298	consolidar
2299	constatar
2300	consumar
2301	consumir
2302	contagiar
2303	contaminar (verbo)
2304	contar (relato)
2305	controlar (verbo)
2306	convivir
2307	coordinar
2308	coquetear
2309	corromper
2310	criticar
2311	crucificar
2312	crujir
2313	cuajar
2314	cubrirse
2315	cuestionar
2316	culpar
2317	dar a luz
2318	debutar
2319	declamar
2320	declarar
2321	decorar
2322	deducir
2323	definir (verbo)
2324	delegar
2325	deletrear
2326	demoler
2327	depositar (verbo)
2328	desafiar (verbo)
2329	desbordar
2330	descalzar
2331	descansar (verbo)
2332	descargar
2333	descifrar
2334	descomponer
2335	desconectar
2336	descubrir (verbo)
2337	descuidar
2338	desembolsar
2339	desempleo
2340	desenvolver
2341	desesperar
2342	desfilar
2343	deshojar
2344	deslizar
2345	deslumbrar
2346	desmayar
2347	despachar
2348	desperdiciar
2349	desplazar
2350	destapar
2351	devorar
2352	dibujar (verbo)
2353	digerir
2354	disculparse
2355	disecar
2356	disipar
2357	distorsionar
2358	divisar
2359	doblegar
2360	domesticar
2361	dominar
2362	dotar
2363	edificar
2364	embarcarse
2365	embellecer
2366	embriagarse
2367	emerger
2368	emigrar
2369	emocionarse
2370	empacar
2371	empaquetar
2372	empatar
2373	empeorar
2374	empinar
2375	emplear
2376	emprender
2377	empujar
2378	enaltecer
2379	encadenar
2380	encajar
2381	encarcelar
2382	encarnar
2383	encestar
2384	enchufar
2385	encolar
2386	enderezar
2387	endeudarse
2388	endurecer
2389	enfadarse
2390	enfermarse
2391	enfriar
2392	enfrentarse
2393	enganchar
2394	enloquecer
2395	enmascarar
2396	enredar
2397	ensanchar
2398	enseñar (verbo)
2399	entablar
2400	entregar
2401	envenenar
2402	envestir
2403	equipar
2404	erigir
2405	escarchar
2406	esclarecer
2407	esconderse
2408	escudriñar
2409	esmerarse
2410	esparcir
2411	especular
2412	estampar
2413	estancar
2414	estimar
2415	estremecer
2416	evacuar
2417	evaporar
2418	evolucionar
2419	exagerar
2420	exiliar
2421	expirar
2422	explotar
2423	expulsar
2424	extinguir
2425	extraviar
2426	fabricar (verbo)
2427	facturar
2428	faltar (verbo)
2429	fastidiar
2430	favorecer
2431	fechar
2432	festejar (verbo)
2433	filtrar
2434	financiar
2435	fingir (verbo)
2436	fluctuar
2437	fomentar
2438	forrar
2439	forzar
2440	fotografiar
2441	frenar
2442	frotar
2443	frustrar
2444	ácido (adj)
2445	agotador
2446	amargo (adj)
2447	amplísimo
2448	anticipado
2449	arriesgado
2450	asombroso
2451	atroz
2452	austero
2453	auténtico
2454	benéfico
2455	benévolo
2456	bienvenido (adj)
2457	brusco
2458	bullicioso
2459	cálido
2460	chico
2461	confuso
2462	congelado (adj)
2463	conjunto (adj)
2464	contiguo
2465	contundente
2466	cordial
2467	crucial
2468	culto
2469	cumplido
2470	curado
2471	curado (adj)
2472	dañino
2473	debilitado
2474	definitivo
2475	deliberado
2476	delirante
2477	desafortunado
2478	desagradable
2479	desanimado
2480	descontento
2481	descuidado
2482	desierto (adj)
2483	desigual
2484	desnudo (adj)
2485	destinado
2486	devoto
2487	digno
2488	discreto
2489	disponible
2490	distinto
2491	diverso
2492	divertido (adj)
2493	dominante
2494	dorado (adj)
2495	dramático
2496	duradero
2497	efectivo (adj)
2498	eficiente
2499	eléctrico
2500	elemental
2501	elevado
2502	embarazoso
2503	emocional
2504	empapado
2505	enérgico
2506	enfocado
2507	enriquecido
2508	enterrado
2509	entrenado
2510	envidiable
2511	espantoso
2512	espiritual
2513	espléndido
2514	espontáneo
2515	esquivo
2516	esencial
2517	estatal
2518	estricto
2519	estruendoso
2520	evidente
2521	exitoso
2522	experto
2523	explícito
2524	explotador
2525	extraordinario
2526	extremo
2527	fabuloso
2528	fantástico
2529	fatal
2530	favorable
2531	favorito
2532	fenomenal
2533	feroz
2534	fervoroso
2535	festivo
2536	ficticio
2537	fiero
2538	físico
2539	flexible
2540	flojo
2541	formal
2542	forzoso
2543	fragmentario
2544	francés
2545	fresco (adj)
2546	fundamental
2547	futuro (adj)
2548	geográfico
2549	gigantesco
2550	global
2551	gracioso
2552	gradual
2553	gráfico
2554	gratis
2555	grandioso
2556	griego
2557	habitual
2558	helado (adj)
2559	heroico
2560	hispano
2561	histórico
2562	honrado
2563	hostil
2564	humano
2565	idéntico
2566	ideal
2567	ilegal
2568	ilegible
2569	ilimitado
2570	ilógico
2571	imaginario
2572	imitador
2573	impaciente
2574	impecable
2575	impenetrable
2576	imperdible
2577	imperial
2578	impertinente
2579	implícito
2580	impreciso
2581	impresionante
2582	impropio
2583	impuesto (adj)
2584	inaccesible
2585	inadecuado
2586	inaudito
2587	incapaz
2588	incierto
2589	incluido
2590	inconsciente
2591	independiente
2592	industrial
2593	inestable
2594	inexplicable
2595	infame
2596	infantil
2597	infinito
2598	informal
2599	inicial
2600	injusto
2601	inmaduro
2602	inmediato
2603	inmenso
2604	inmóvil
2605	inocente
2606	inolvidable
2607	inquieto
2608	intachable
2609	intenso (adj)
2610	interesante
2611	intermedio
2612	interno (adj)
2613	intrépido
2614	íntimo
2615	inusual
2616	inválido
2617	invisible
2618	irresistible
2619	judicial
2620	junto
2621	absoluto
2622	abuso
2623	acceso
2624	adolescencia
2625	adulto
2626	afán
2627	agresión
2628	alarma
2629	albor
2630	alianza
2631	altura
2632	amargura
2633	ambigüedad
2634	amistad
2635	amistoso
2636	amplitud
2637	análisis
2638	anhelo
2639	antecedente
2640	ansiedad
2641	antagonismo
2642	antología
2643	aparición
2644	aplauso
2645	aprecio
2646	aprendizaje
2647	aprobación
2648	argumentación
2649	argumento
2650	armonía
2651	arrepentimiento
2652	arrogancia
2653	asco
2654	asesoramiento
2655	aspiración
2656	asunto (abstr)
2657	ataque
2658	audacia
2659	augurio
2660	austeridad
2661	autenticidad
2662	autoridad
2663	autonomía
2664	autoestima
2665	aventura
2666	banalidad
2667	barrera
2668	base
2669	belleza (abstr)
2670	bienestar
2671	bonanza
2672	caos
2673	caridad (abstr)
2674	cariño
2675	celo
2676	censura
2677	claridad
2678	clave
2679	coherencia
2680	colapso
2681	combate (abstr)
2682	comodidad
2683	compasión
2684	compromiso
2685	comunicación
2686	comunidad
2687	concentración
2688	conclusión
2689	condición
2690	confidencia
2691	conformidad
2692	conmoción
2693	consagración
2694	consenso
2695	consideración
2696	consuelo
2697	contemplación
2698	contradicción
2699	controversia
2700	cooperación
2701	coraza
2702	costumbre
2703	creencia
2704	crecimiento (abstr)
2705	criterio (abstr)
2706	crítica
2707	cualidad
2708	curiosidad (abstr)
2709	debilidad
2710	decadencia
2711	dedicatoria
2712	deducción
2713	defensa
2714	definición
2715	delicadeza
2716	delincuencia
2717	delirio
2718	demanda
2719	depresión
2720	derecho (abstr)
2721	desafío
2722	desastre
2723	descanso
2724	desempeño
2725	desenlace
2726	deseo
2727	desesperación
2728	desgracia
2729	destrucción
2730	determinación
2731	devoción
2732	diagnóstico
2733	diálogo
2734	discriminación
2735	discurso
2736	disgusto
2737	disposición
2738	distinción
2739	diversidad
2740	doble
2741	docena
2742	dolor (abstr)
2743	dominio
2744	donación (abstr)
2745	duda
2746	duelo
2747	dulzura
2748	edad (abstr)
2749	educación
2750	egoísmo
2751	elegancia
2752	elemento
2753	elocuencia
2754	embajada (abstr)
2755	emergencia (abstr)
2756	enseñanza
2757	entendimiento
2758	entrega
2759	entusiasmo (abstr)
2760	equilibrio
2761	equivalencia
2762	esperanza (abstr)
2763	estabilidad
2764	estímulo
2765	estrategia (abstr)
2766	estructura
2767	estudio
2768	evolución
2769	excepción
2770	exclusividad
2771	expectativa
2772	explicación
2773	expresión
2774	facilidad
2775	facultad
2776	fascinación
2777	felicidad
2778	fenómeno
2779	fiesta
2780	finalidad
2781	firma
2782	fragancia
2783	frescura
2784	frustración
2785	funcionamiento
2786	fundamento
2787	gala
2788	generación
2789	generosidad
2790	gentileza
2791	gigante
2792	gloria
2793	gracia
2794	grado
2795	gravedad (abstr)
2796	grupo
2797	habilidad
2798	hábito
2799	hazaña
2800	herencia
2801	heroísmo
2802	honestidad
2803	hostilidad
2804	humildad
2805	humor
2806	idealismo
2807	identidad
2808	ideología
2809	ilusión
2810	imagen
2811	imaginación
2812	impaciencia
2813	imperio
2814	imprecisión
2815	impulso
2816	inactividad
2817	incertidumbre
2818	inclinación
2819	inconsistencia
2820	inconveniente
2821	independencia (abstr)
2822	indicación
2823	indiferencia
2824	individualidad
2825	indulgencia
2826	inferioridad
2827	inflación (abstr)
2828	influencia
2829	información
2830	infraestructura
2831	ingenuidad
2832	inocencia
2833	inseguridad
2834	insistencia
2835	inspiración
2836	instalación
2837	institución
2838	instrucción
2839	intercambio
2840	interpretación
2841	intervención
2842	intriga
2843	invasión
2844	invención
2845	inversión (abstr)
2846	investigación
2847	invitación
2848	abrigo
2849	chaqueta
2850	chaleco
2851	traje
2852	corbata
2853	falda
2854	blusa
2855	calcetín
2856	media
2857	sandalia
2858	bota
2859	tenis (zapato)
2860	chancleta
2861	gorra
2862	bufanda
2863	guante
2864	impermeable
2865	pijama
2866	bata
2867	traje de baño
2868	lencería
2869	botón (ropa)
2870	cremallera
2871	bolsillo
2872	cuello (ropa)
2873	manga
2874	puño (ropa)
2875	estampado
2876	tela
2877	lana
2878	seda
2879	algodón
2880	cuero
2881	lino
2882	planta
2883	rosa (flor)
2884	tulipán
2885	girasol (flor)
2886	margarita (flor)
2887	lirio
2888	orquídea
2889	clavel
2890	amapola
2891	lavanda
2892	girando
2893	pétalo
2894	espina
2895	polen
2896	semilla (planta)
2897	bulbo
2898	roble (árbol)
2899	pino
2900	abeto
2901	palma
2902	sauce
2903	cactus
2904	bambú
2905	helecho
2906	musgo
2907	alga
2908	vid (planta)
2909	enredadera
2910	insecto
2911	libélula
2912	luciérnaga
2913	grillo
2914	saltamontes
2915	abejorro
2916	avispa
2917	catarina
2918	mariquita
2919	pulga
2920	piojo
2921	garrapata
2922	lombriz
2923	caracol (animal)
2924	babosa
2925	medusa
2926	estrella de mar
2927	cangrejo
2928	langosta (animal)
2929	caballito de mar
2930	pulpo (animal)
2931	calamar (animal)
2932	enero
2933	febrero
2934	marzo
2935	abril
2936	mayo
2937	junio
2938	julio
2939	agosto
2940	septiembre
2941	octubre
2942	noviembre
2943	diciembre
2944	primavera
2945	verano
2946	otoño
2947	invierno
2948	amanecer (sustantivo)
2949	anochecer (sustantivo)
2950	mediodía
2951	medianoche
2952	madrugada
2953	víspera
2954	aniversario
2955	cumpleaños
2956	fecha
2957	calendario
2958	agenda
2959	década
2960	siglo
2961	milenio
2962	era
2963	edad antigua
2964	edad media
2965	pasado
2966	presente
2967	futuro (tiempo)
2968	once (núm)
2969	doce
2970	trece
2971	catorce
2972	quince
2973	dieciséis
2974	diecisiete
2975	dieciocho
2976	diecinueve
2977	treinta
2978	cuarenta
2979	sesenta
2980	setenta
2981	ochenta
2982	noventa
2983	primer
2984	último (núm)
2985	par
2986	impar
2987	lila
2988	coral
2989	marrón
2990	beige (color)
2991	plateado
2992	bronce
2993	carmesí
2994	esmeralda
2995	zafiro
2996	fucsia
2997	turquesa
2998	aguamarina
2999	caqui
3000	oliva
3001	añil
3002	transparente
3003	claro (color)
3004	oscuro (color)
3005	pálido
3006	brillante (color)
3007	aunque
3008	mientras
3009	según
3010	acerca de
3011	sin embargo
3012	por lo tanto
3013	además
3014	así que
3015	a pesar de
3016	incluso
3017	tampoco
3018	entonces
3019	luego
3020	enfrente
3021	detrás
3022	encima
3023	debajo
3024	dentro
3025	fuera
3026	al lado
3027	asiento
3028	banca
3029	sofá
3030	sillón
3031	escritorio
3032	estantería
3033	cajón
3034	alfombra
3035	cortina
3036	lámpara
3037	bombilla
3038	enchufe
3039	interruptor
3040	cable
3041	batería (eléctrica)
3042	pila
3043	control remoto
3044	televisión
3045	radio
3046	altavoz
3047	audífono
3048	pantalla
3049	teclado
3050	ratón (computadora)
3051	impresora
3052	escáner
3053	cargador
3054	tableta
3055	portátil
3056	cámara
3057	videocámara
3058	acariciar
3059	acoger
3060	acudir
3061	adelgazar
3062	aflojar
3063	agachar
3064	agotar
3065	agradecer
3066	alentar
3067	allanar
3068	alojar
3069	alzar
3070	amasar
3071	amenazar
3072	amparar
3073	añorar
3074	apaciguar
3075	apartar
3076	apelar
3077	apilar
3078	aplastar
3079	aplazar
3080	apretar
3081	arar
3082	arrancar
3083	arreglar
3084	arrendar
3085	arroparse
3086	ascender
3087	aserrar
3088	asomar
3089	asombrar
3090	aspirar
3091	astillar
3092	atascarse
3093	aterrizar
3094	atestiguar
3095	atisbar
3096	aturdir
3097	aullar
3098	azotar
3099	balbucear
3100	barrer
3101	bautizar
3102	bordar
3103	bostezar
3104	botar
3105	brillar
3106	brincar
3107	brindar
3108	bromear
3109	brotar
3110	calar
3111	calibrar
3112	calmar
3113	capacitar
3114	captar
3115	castigar
3116	catalogar
3117	catar
3118	cavar
3119	cazar
3120	ceder
3121	cegar
3122	cenar
3123	censurar
3124	centrar
3125	chapotear
3126	charlar
3127	chillar
3128	chirriar
3129	chocar
3130	chupar
3131	cifrar
3132	cimentar
3133	citar
3134	clarear
3135	clavar
3136	coincidir
3137	cojear
3138	colar
3139	colmar
3140	colocar
3141	combatir
3142	comentar
3143	comerciar
3144	compadecer
3145	competir
3146	complacer
3147	componer
3148	concebir
3149	concertar
3150	concluir
3151	condenar
3152	confiar
3153	confiscar
3154	conformar
3155	confundir
3156	consagrar
3157	consentir
3158	consignar
3159	constatar
3160	consultar
3161	consumir
3162	contagiar
3163	contemplar
3164	coronar
3165	coser
3166	costurar
3167	criar
3168	criticar
3169	cruzar
3170	cuajar
3171	culpar
3172	cumplir
3173	curar
3174	curtir
3175	danzar
3176	debatir
3177	deber
3178	decantarse
3179	decapitar
3180	decidir
3181	declamar
3182	declarar
3183	decorar
3184	dedicar
3185	deducir
3186	defender
3187	definir
3188	delegar
3189	deleitar
3190	deletrear
3191	delirar
3192	demoler
3193	demorar
3194	denegar
3195	denotar
3196	denunciar
3197	depender
3198	deportar
3199	depositar
3200	deprimir
3201	derivar
3202	derramar
3203	derretir
3204	derribar
3205	derrochar
3206	derrotar
3207	desafiar
3208	desayunar
3209	descalzar
3210	descansar
3211	descargar
3212	descifrar
3213	descolgar
3214	descomponer
3215	desconcertar
3216	desconectar
3217	descongelar
3218	descontar
3219	descuartizar
3220	desempolvar
3221	desfilar
3222	deshacer
3223	deshelar
3224	desistir
3225	desmayar
3226	desmontar
3227	desnudar
3228	despedazar
3229	despegar
3230	despertar
3231	despilfarrar
3232	despistar
3233	desplegar
3234	desplomarse
3235	destacar
3236	destapar
3237	destinar
3238	destrozar
3239	destruir
3240	desviar
3241	detallar
3242	determinar
3243	detestar
3244	devorar
3245	dictar
3246	difundir
3247	digerir
3248	dilatar
3249	diluir
3250	dimitir
3251	disculpar
3252	disentir
3253	disfrutar
3254	disimular
3255	disipar
3256	dispensar
3257	dispersar
3258	distorsionar
3259	distraerse
3260	disuadir
3261	divagar
3262	divisar
3263	domar
3264	domiciliar
3265	dotar
3266	editar
3267	educar
3268	embalar
3269	embaucar
3270	embellecer
3271	embolsar
3272	emborracharse
3273	embotellar
3274	embrujar
3275	emerger
3276	emigrar
3277	emparejar
3278	empedrar
3279	empinar
3280	emplear
3281	empolvar
3282	emprender
3283	empujar
3284	enaltecer
3285	encabezar
3286	encadenar
3287	encajar
3288	encantar
3289	encarcelar
3290	encargar
3291	encarnar
3292	encender
3293	enchufar
3294	encoger
3295	enderezar
3296	endeudarse
3297	endulzar
3298	endurecer
3299	enfadarse
3300	enfocar
3301	enfrentar
3302	enfriar
3303	enfurecer
3304	enganchar
3305	engendrar
3306	engordar
3307	enjabonar
3308	enjuagar
3309	enlazar
3310	enmascarar
3311	ennegrecer
3312	enredar
3313	enriquecer
3314	enrollar
3315	ensanchar
3316	entrelazar
3317	entretener
3318	entrevistar
3319	enumerar
3320	envenenar
3321	envidiar
3322	envolver
3323	equipar
3324	equivaler
3325	erguir
3326	erigir
3327	esbozar
3328	escalar
3329	escarbar
3330	escarmentar
3331	esclarecer
3332	esculpir
3333	escupir
3334	esmerarse
3335	esparcir
3336	especular
3337	estafar
3338	estallar
3339	estampar
3340	estimular
3341	estirar
3342	estornudar
3343	estremecer
3344	estrenar
3345	estropear
3346	estudiar
3347	evacuar
3348	evangelizar
3349	evaporar
3350	evidenciar
3351	exagerar
3352	examinar
3353	exasperar
3354	excavar
3355	exceder
3356	exclamar
3357	excluir
3358	excomulgar
3359	excusar
3360	exhalar
3361	exhibir
3362	exhumar
3363	eximir
3364	expirar
3365	exponer
3366	exportar
3367	expulsar
3368	exterminar
3369	extinguir
3370	extirpar
3371	extraer
3372	extraviar
3373	facturar
3374	fallar
3375	fallecer
3376	falsificar
3377	faltar
3378	fascinar
3379	fatigar
3380	fechar
3381	felicitar
3382	fermentar
3383	fertilizar
3384	filmar
3385	financiar
3386	fingir
3387	firmar
3388	florar
3389	fluir
3390	foliar
3391	fomentar
3392	forrar
3393	fortalecer
3394	fotocopiar
3395	fracasar
3396	frecuentar
3397	frenar
3398	frotar
3399	fugarse
3400	fumigar
3401	fundir
3402	fusilar
3403	galopar
3404	garantizar
3405	gastar
3406	gesticular
3407	girar
3408	gobernar
3409	golpear
3410	gozar
3411	grabar
3412	graduar
3413	granizar
3414	gratificar
3415	graznar
3416	guarecerse
3417	guarnecer
3418	guerrear
3419	guiar
3420	habitar
3421	habituarse
3422	halagar
3423	hallar
3424	hambrear
3425	hechizar
3426	heredar
3427	hervir
3428	hibernar
3429	hilar
3430	hincar
3431	hinchar
3432	hojear
3433	honrar
3434	horrorizar
3435	hospedar
3436	hospitalizar
3437	hostigar
3438	humear
3439	humedecer
3440	humillar
3441	hundir
3442	husmear
3443	idear
3444	identificar
3445	idolatrar
3446	iluminar
3447	ilusionar
3448	ilustrar
3449	imitar
3450	impacientarse
3451	impactar
3452	impedir
3453	implantar
3454	implementar
3455	implicar
3456	implorar
3457	importar
3458	impregnar
3459	imprimir
3460	improvisar
3461	impulsar
3462	inaugurar
3463	incendiar
3464	inclinar
3465	incluir
3466	incomodar
3467	incorporarse
3468	increpar
3469	incubar
3470	inculcar
3471	indagar
3472	independizarse
3473	indicar
3474	indignar
3475	inducir
3476	indultar
3477	infectar
3478	inferir
3479	infiltrar
3480	inflamar
3481	informar
3482	infringir
3483	infundir
3484	ingerir
3485	inhalar
3486	inhibir
3487	iniciar
3488	injertar
3489	inmigrar
3490	innovar
3491	inquietar
3492	inscribir
3493	insertar
3494	insinuar
3495	insistir
3496	inspeccionar
3497	inspirar
3498	instalar
3499	instar
3500	instaurar
3501	instigar
3502	instituir
3503	instruir
3504	insultar
3505	integrar
3506	intentar
3507	intercambiar
3508	interceder
3509	interferir
3510	internar
3511	interpelar
3512	interpretar
3513	interrogar
3514	interrumpir
3515	intervenir
3516	intimidar
3517	intoxicar
3518	introducir
3519	inundar
3520	invadir
3521	invalidar
3522	inventar
3523	invertir
3524	investigar
3525	invitar
3526	invocar
3527	inyectar
3528	irritar
3529	irrumpir
3530	jactarse
3531	jalar
3532	jubilarse
3533	juntar
3534	jurar
3535	justificar
3536	juzgar
3537	labrar
3538	lacerar
3539	ladrar
3540	lamentar
3541	lamer
3542	languidecer
3543	lanzar
3544	lapidar
3545	latir
3546	legalizar
3547	legar
3548	legislar
3549	lesionar
3550	liar
3551	liberar
3552	licuar
3553	lidiar
3554	ligar
3555	limar
3556	liquidar
3557	lisonjear
3558	litigar
3559	llover
3560	lustrar
3561	mancharse
3562	mandar
3563	manejar
3564	maniobrar
3565	manipular
3566	mantenerse
3567	maquillarse
3568	maravillarse
3569	marcar
3570	marchar
3571	marchitarse
3572	marear
3573	masacrar
3574	mascar
3575	masticar
3576	maullar
3577	medicar
3578	meditar
3579	memorizar
3580	mendigar
3581	merecer
3582	mermar
3583	mezclar
3584	mimar
3585	minar
3586	mirarse
3587	mitigar
3588	moderar
3589	modernizar
3590	modificar
3591	moldear
3592	mortificar
3593	motivar
3594	motorizar
3595	mudarse
3596	multar
3597	multiplicar
3598	murmurar
3599	mutilar
3600	aceituna
3601	acero
3602	acuario
3603	acuerdo
3604	adobe
3605	aduana
3606	aficionado
3607	agencia
3608	agenda
3609	aguardiente
3610	aguja
3611	albergue
3612	alcohol
3613	alfabeto
3614	alfombra
3615	almacén
3616	almeja
3617	amapola
3618	amarra
3619	analista
3620	andén
3621	anestesia
3622	antibiótico
3623	antílope
3624	antiguedad
3625	antorcha
3626	aparador
3627	apertura
3628	apretón
3629	arandela
3630	araña
3631	arancel
3632	arboleda
3633	arcilla
3634	arco iris
3635	arcón
3636	arena
3637	arete
3638	arpa
3639	arroyo
3640	arruga
3641	arsenal
3642	artería
3643	asalto
3644	ascensor
3645	asfalto
3646	asilo
3647	asteroide
3648	astilla
3649	atajo
3650	atascamiento
3651	ataúd
3652	ático
3653	atletismo
3654	atril
3655	audífono
3656	audiencia
3657	augurio
3658	autoestima
3659	autoría
3660	autorretrato
3661	avena
3662	averiguación
3663	aviador
3664	aviso
3665	azahar
3666	azar
3667	azulejo
3668	bahía
3669	balcón
3670	balde
3671	baldosa
3672	ballena jorobada
3673	balneario
3674	bambalina
3675	bandada
3676	bandido
3677	banquero
3678	banquete
3679	barón
3680	barranco
3681	barriga
3682	barril
3683	barrio
3684	bastón
3685	batalla
3686	batuta
3687	bautismo
3688	bayoneta
3689	bebé prematuro
3690	bendición
3691	beso
3692	biberón
3693	bigotes
3694	bilingüe
3695	bióxido
3696	birrete
3697	bisabuelo
3698	bisagra
3699	bizco
3700	bizcocho
3701	blasfemia
3702	boca de incendio
3703	bocado
3704	bocadillo
3705	bocazas
3706	boceto
3707	bofetada
3708	bohemio
3709	boleto
3710	boliche
3711	bolígrafo
3712	bolsillo
3713	bombero
3714	bombilla
3715	bombón
3716	borla
3717	borrachera
3718	borrasca
3719	bosquejo
3720	bostezo
3721	botica
3722	boya
3723	bramido
3724	brasa
3725	brebaje
3726	brécol
3727	brida
3728	brillo
3729	brisa
3730	brocha
3731	brochazo
3732	broma
3733	bronce
3734	brote
3735	bruja
3736	bruma
3737	brújula
3738	brutalidad
3739	bucle
3740	buena fe
3741	buena suerte
3742	bufete
3743	buhardilla
3744	bulto
3745	bullicio
3746	burbuja
3747	burocracia
3748	caballeriza
3749	cabaña
3750	cabecera
3751	cabello
3752	cabo
3753	cacareo
3754	cacatúa
3755	cadáver
3756	cafetería
3757	caída
3758	caimán
3759	caja registradora
3760	calabozo
3761	calambre
3762	calavera
3763	calcetín
3764	caldero
3765	calefacción
3766	calidez
3767	calígrafo
3768	caligrafía
3769	callado
3770	callejón
3771	calumnia
3772	camafeo
3773	camarote
3774	camillas
3775	caminata
3776	camionero
3777	camomila
3778	camote
3779	campaña
3780	campanada
3781	campesino
3782	camposanto
3783	candado
3784	candidatura
3785	canela
3786	cangrejo
3787	canica
3788	caña
3789	cañón
3790	caoba
3791	caolín
3792	capacidad
3793	capataz
3794	capilla
3795	capítulo
3796	capote
3797	caprichoso
3798	caracol
3799	caracola
3800	carapacho
3801	carbón
3802	carcajada
3803	cargo
3804	caricia
3805	caricatura
3806	carillón
3807	carmesí
3808	carmín
3809	carnaval
3810	carpintería
3811	carrera
3812	carreta
3813	carretera
3814	carril
3815	carromato
3816	cartel
3817	cartelera
3818	cartílago
3819	cartón
3820	cascada
3821	caserío
3822	caspa
3823	castaña
3824	castigador
3825	catacumba
3826	cátedra
3827	catedrático
3828	caterva
3829	cauce
3830	caudillo
3831	caverna
3832	cayado
3833	cazador
3834	cazo
3835	cebada
3836	cebo
3837	cedro
3838	cementerio
3839	censor
3840	centavo
3841	centímetro
3842	central
3843	centro comercial
3844	cerámica
3845	cerca
3846	cercanía
3847	cerda
3848	cerebro
3849	ceremonia
3850	cereza
3851	cerrojo
3852	certeza
3853	cervecería
3854	césped
3855	chacra
3856	chal
3857	chaleco
3858	chamarra
3859	chamuscar
3860	chancho
3861	chanclas
3862	chantaje
3863	chaparrón
3864	chapulín
3865	charango
3866	charco
3867	chimenea
3868	china
3869	chip
3870	chiquillo
3871	chiripa
3872	chiste
3873	chorizo
3874	cicatriz
3875	ciempiés
3876	cien por cien
3877	cigarra
3878	cigarro
3879	cigüeña
3880	cilindro
3881	cima
3882	cimiento
3883	cincel
3884	cinta adhesiva
3885	cinturón
3886	circuito
3887	ciruela
3888	cirujano
3889	cita
3890	claqueta
3891	clausura
3892	clavel
3893	clavellina
3894	clavícula
3895	clavija
3896	claxon
3897	clima tropical
3898	coágulo
3899	cobertizo
3900	cobertura
3901	cobra
3902	cochecito
3903	cocoa
3904	cocodrilo
3905	cocotero
3906	codo
3907	coeficiente
3908	cofradía
3909	cogollo
3910	coima
3911	cojín
3912	coladera
3913	colección
3914	colega
3915	colegial
3916	coletilla
3917	colibrí
3918	coliflor
3919	colina
3920	colirio
3921	collar
3922	colmena
3923	colmillo
3924	colombiana
3925	coloquio
3926	columna
3927	combinación
3928	combustible
3929	comediante
3930	comején
3931	cometa
3932	comicios
3933	comino
3934	compaginar
3935	comparecer
3936	compás
3937	complejo
3938	complemento
3939	complot
3940	compromiso
3941	computar
3942	común
3943	comunión
3944	concavidad
3945	conciudadano
3946	conciso
3947	concurso
3948	condado
3949	condimento
3950	condominio
3951	conducción
3952	conejero
3953	conferencia
3954	confesionario
3955	confianza
3956	confín
3957	confrontación
3958	congelador
3959	congoja
3960	congregación
3961	conjugación
3962	conjuntivitis
3963	conmoción
3964	connotación
3965	consabido
3966	conscripción
3967	consenso
3968	conserje
3969	consigna
3970	consorcio
3971	constancia
3972	consternación
3973	consternado
3974	constructor
3975	consuelo
3976	contador
3977	contaminación
3978	contenedor
3979	contestador
3980	contienda
3981	contoneo
3982	contrabajo
3983	contrabandista
3984	contrabando
3985	contracción
3986	contrapeso
3987	contraseña
3988	contratiempo
3989	contrato
3990	controversia
3991	convalecencia
3992	convaleciente
3993	convento
3994	convergencia
3995	conversión
3996	convivencia
3997	convocatoria
3998	coñac
3999	cooperativa
4000	copa
4001	cópula
4002	coqueteo
4003	coral
4004	corazonada
4005	corbatín
4006	corcho
4007	cordel
4008	cordillera
4009	córnea
4010	coronario
4011	corporal
4012	corpulento
4013	corredor
4014	corresponsal
4015	corrupción
4016	cortejo
4017	cortesía
4018	cosmopolita
4019	cosquilla
4020	cotidiano
4021	coyote
4022	coyuntura
4023	cráneo
4024	cráter
4025	crecimiento
4026	credencial
4027	creencia
4028	crematorio
4029	cremoso
4030	criadero
4031	criadilla
4032	criatura
4033	crisálida
4034	crista
4035	cristal
4036	cristalería
4037	criterio
4038	cromo
4039	cronista
4040	crucero
4041	crucifijo
4042	crujido
4043	cuaderna
4044	cuadrilátero
4045	cuadrúpedo
4046	cuajada
4047	cuarteto
4048	cuartilla
4049	cubierta
4050	cubismo
4051	cucaracha
4052	cuchara sopera
4053	cuchichear
4054	cuesta
4055	cuestionario
4056	culebra
4057	culminación
4058	culo
4059	culpa
4060	cumbre
4061	cuneta
4062	cuñado
4063	cura
4064	cursi
4065	cúspide
4066	custodia
4067	cutáneo
4068	aceite de oliva
4069	acelga
4070	achicoria
4071	adobo
4072	alcaparra
4073	aliñar
4074	aliño
4075	alioli
4076	almíbar
4077	anchoa
4078	arándano
4079	arepa
4080	asadero
4081	bacalao
4082	bagre
4083	barquillo
4084	batatas fritas
4085	batido de leche
4086	bebida
4087	berza
4088	bizcochuelo
4089	bombón helado
4090	botana
4091	brioche
4092	budín
4093	caballa
4094	cacahuate
4095	café con leche
4096	cajeta
4097	calabacín
4098	caldo de pollo
4099	caliente
4100	calzone
4101	camote frito
4102	cangrejo de río
4103	caña de azúcar
4104	caracoles
4105	caramelo
4106	carne molida
4107	castaña
4108	caviar
4109	cebolleta
4110	cebollino
4111	cerdo asado
4112	ceviche
4113	champiñones rellenos
4114	chana
4115	chayote
4116	cilantro fresco
4117	cocido
4118	cóctel
4119	colmenar
4120	compota
4121	confitería
4122	confitura
4123	consomé
4124	corteza
4125	costilla
4126	creps
4127	cremoso
4128	criadero
4129	crocante
4130	croqueta
4131	dorada
4132	empanada
4133	empanadilla
4134	endibia
4135	escabeche
4136	espagueti boloñesa
4137	espárrago
4138	espinacas
4139	estofado
4140	faisán
4141	filete
4142	flan
4143	fondue
4144	frambuesa
4145	frutilla
4146	galleta saladita
4147	garbanzo
4148	gazpacho
4149	gengibre
4150	gofre
4151	grasa
4152	grosella
4153	guisado
4154	guisante
4155	habas
4156	hígado
4157	hongo
4158	jugo de naranja
4159	lima
4160	lomo
4161	macedonia
4162	malta
4163	manjar
4164	mantecado
4165	mantequilla
4166	maracuyá
4167	margarina
4168	mariscada
4169	mate
4170	mayonesa
4171	mejillón
4172	melocotón
4173	membrillo
4174	menta
4175	merengue
4176	merluza
4177	miga
4178	migaja
4179	milanesa
4180	mojito
4181	mortadela
4182	mostaza
4183	natilla
4184	níspero
4185	nopal
4186	ñora
4187	pad thai
4188	paella
4189	papa rellena
4190	pasas
4191	pasteles
4192	pastrami
4193	pavo navideño
4194	pepinillo
4195	perdiz
4196	pesto
4197	pez espada
4198	picadillo
4199	pichón
4200	pimentón
4201	pimienta negra
4202	piña colada
4203	pisco
4204	polenta
4205	pulpa
4206	punta
4207	queso fundido
4208	raja
4209	ravioli
4210	recetario
4211	remolacha
4212	repostería
4213	risotto
4214	rúcula
4215	sake
4216	salami
4217	salchicha
4218	salmonete
4219	salsa de soja
4220	salsa picante
4221	sangría
4222	sardina
4223	sashimi
4224	sazonar
4225	sémola
4226	sopa de cebolla
4227	sorbete
4228	soufflé
4229	strudel
4230	suflé
4231	sushi
4232	tabla de quesos
4233	tallarines
4234	tapioca
4235	tarta de chocolate
4236	taza de té
4237	tempura
4238	terraza
4239	tiramisú
4240	tomillo
4241	torreznos
4242	truchas
4243	trucha arcoíris
4244	tuna
4245	uperizado
4246	uvas pasas
4247	vainilla
4248	venado
4249	yema
4250	yuca
4251	zanahoria baby
4252	zarzamora
4253	zumo
4254	amígdala
4255	aneurisma
4256	aorta
4257	arteria
4258	articulación
4259	aurícula
4260	bazo
4261	bíceps
4262	bilis
4263	bostezar
4264	bradicardia
4265	bronquios
4266	bursitis
4267	calcáneo
4268	calcio
4269	calcular
4270	cálculo
4271	callo
4272	caries
4273	cartílago
4274	células
4275	cesárea
4276	cicatriz
4277	circulación
4278	coágulo
4279	cochinilla
4280	columna vertebral
4281	comezón
4282	compresa
4283	concusión
4284	constipación
4285	contusión
4286	convulsión
4287	cordón umbilical
4288	córnea
4289	cortisol
4290	coxis
4291	cráneo
4292	crisis nerviosa
4293	criterios
4294	dengue
4295	dermatitis
4296	dermatólogo
4297	diafragma
4298	diagnóstico
4299	diarrea
4300	digestión
4301	disco intervertebral
4302	dosis
4303	embolia
4304	encía
4305	endorfina
4306	enfermería
4307	epidemia
4308	epilepsia
4309	escayola
4310	esclerosis
4311	escoliosis
4312	espinilla
4313	espasmo
4314	esperanza de vida
4315	estallido
4316	esterilizar
4317	esternocleidomastoideo
4318	estertor
4319	estrabismo
4320	estrés
4321	evaluación
4322	expectorante
4323	fascitis
4324	fatiga
4325	fémur
4326	fertilidad
4327	fertilización
4328	fibroma
4329	fibromialgia
4330	fiebre amarilla
4331	fisioterapia
4332	flatulencia
4333	flebitis
4334	forúnculo
4335	fosfato
4336	fractura
4337	gangrena
4338	garganta
4339	gastritis
4340	genética
4341	geriátrico
4342	germen
4343	ginecólogo
4344	glándula
4345	glaucoma
4346	glóbulo blanco
4347	glóbulo rojo
4348	glucosa
4349	gota
4350	hematoma
4351	hemiplejía
4352	hemoglobina
4353	hemorragia
4354	hepatitis
4355	hernia
4356	herpes
4357	hidratante
4358	hidrocefalia
4359	hiperactividad
4360	hipertensión
4361	hipertiroidismo
4362	hipoglucemia
4363	hipotálamo
4364	hipotermia
4365	hipotiroidismo
4366	hipotensión
4367	histología
4368	hormona
4369	humero
4370	icterícia
4371	impétigo
4372	inconsciencia
4373	incubación
4374	infarto
4375	inflamación
4376	influenza
4377	ingle
4378	injerto
4379	inmunidad
4380	inmunológico
4381	insolación
4382	insomnio
4383	intoxicación
4384	intravenoso
4385	intrusión
4386	invalidez
4387	isquemia
4388	latido
4389	laxante
4390	leucemia
4391	ligamento
4392	linfoma
4393	lipoma
4394	litiasis
4395	llaga
4396	luxación
4397	mama
4398	mareo
4399	mastitis
4400	matriz
4401	melanoma
4402	membrana
4403	meningitis
4404	menisco
4405	menopausia
4406	menstruación
4407	metabolismo
4408	metástasis
4409	microbio
4410	migraña
4411	miocardio
4412	miopía
4413	miositis
4414	mocos
4415	mordedura
4416	mosquitero
4417	muleta
4418	nalga
4419	nefritis
4420	nervio óptico
4421	neumonía
4422	neurona
4423	neurótico
4424	obesidad
4425	oculista
4426	odontología
4427	oftalmología
4428	oído
4429	oncología
4430	operación
4431	ortodoncia
4432	ortopédico
4433	osteoporosis
4434	otitis
4435	páncreas
4436	pandémico
4437	paño
4438	paro cardíaco
4439	parto
4440	pediatra
4441	pelvis
4442	peristaltismo
4443	picadura
4444	placebo
4445	plantar
4446	pleural
4447	prematuro
4448	próstata
4449	psoriasis
4450	pulmonía
4451	pulsera
4452	punzante
4453	pupila
4454	queratitis
4455	quiste
4456	quirúrgico
4457	raquitismo
4458	respiración
4459	retina
4460	reumatismo
4461	riñón
4462	roentgen
4463	sacro
4464	sarampión
4465	sarna
4466	sastre
4467	sedante
4468	seguridad social
4469	sepsis
4470	septicemia
4471	serotonina
4472	sífilis
4473	sinusitis
4474	sistémico
4475	sobredosis
4476	socorrer
4477	soporífero
4478	subcutáneo
4479	sudoración
4480	suero
4481	susto
4482	tara
4483	telescopio
4484	temperatura corporal
4485	tendón
4486	tensión arterial
4487	tibia
4488	tiroides
4489	torácico
4490	torniquete
4491	transpiración
4492	traumatólogo
4493	tráquea
4494	traumatismo
4495	tuberculosis
4496	tumor
4497	úlcera
4498	uretra
4499	urólogo
4500	válvula
4501	vejiga
4502	vello
4503	vendaje
4504	ventrículo
4505	vesícula
4506	víscera
4507	vitamina
4508	yeso
4509	zumbido
